{"cameraMode":{"drawMode":0,"name":"Shaded","section":"Shading Mode"},"sceneLighting":true,"audioPlay":false,"sceneViewState":{"m_AlwaysRefresh":false,"showFog":true,"showSkybox":true,"showFlares":true,"showImageEffects":true,"showParticleSystems":true,"showVisualEffectGraphs":true,"m_FxEnabled":true},"in2DMode":false,"pivot":{"x":12.231622695922852,"y":-18.356616973876954,"z":10.742711067199707},"rotation":{"x":-0.3414563834667206,"y":-0.31205376982688906,"z":0.12132490426301956,"w":-0.8782427310943604},"size":19.77775001525879,"orthographic":false}