{"cameraMode":{"drawMode":0,"name":"Shaded","section":"Shading Mode"},"sceneLighting":true,"audioPlay":false,"sceneViewState":{"m_AlwaysRefresh":false,"showFog":true,"showSkybox":true,"showFlares":true,"showImageEffects":true,"showParticleSystems":true,"showVisualEffectGraphs":true,"m_FxEnabled":true},"in2DMode":false,"pivot":{"x":12.396676063537598,"y":-26.943645477294923,"z":31.412704467773439},"rotation":{"x":-0.3346821367740631,"y":-0.026309847831726075,"z":0.009351535700261593,"w":-0.9419382810592651},"size":52.96668243408203,"orthographic":false}