{"cameraMode":{"drawMode":0,"name":"Shaded","section":"Shading Mode"},"sceneLighting":true,"audioPlay":false,"sceneViewState":{"m_AlwaysRefresh":false,"showFog":true,"showSkybox":true,"showFlares":true,"showImageEffects":true,"showParticleSystems":true,"showVisualEffectGraphs":true,"m_FxEnabled":true},"in2DMode":false,"pivot":{"x":217.99453735351563,"y":322.5953369140625,"z":0.13797760009765626},"rotation":{"x":-0.047376684844493869,"y":-0.014068901538848877,"z":0.0007674159714952111,"w":-0.9988863468170166},"size":172.57691955566407,"orthographic":false}