{"cameraMode":{"drawMode":0,"name":"Shaded","section":"Shading Mode"},"sceneLighting":true,"audioPlay":false,"sceneViewState":{"m_AlwaysRefresh":false,"showFog":true,"showSkybox":true,"showFlares":true,"showImageEffects":true,"showParticleSystems":true,"showVisualEffectGraphs":true,"m_FxEnabled":true},"in2DMode":false,"pivot":{"x":-17.89741325378418,"y":6.070329666137695,"z":14.895792007446289},"rotation":{"x":0.08999303728342056,"y":-0.13106971979141236,"z":0.011911775916814804,"w":0.9872690439224243},"size":10.953322410583496,"orthographic":false}