{"cameraMode":{"drawMode":0,"name":"Shaded","section":"Shading Mode"},"sceneLighting":true,"audioPlay":false,"sceneViewState":{"m_AlwaysRefresh":false,"showFog":true,"showSkybox":true,"showFlares":true,"showImageEffects":true,"showParticleSystems":true,"showVisualEffectGraphs":true,"m_FxEnabled":true},"in2DMode":false,"pivot":{"x":9.911486625671387,"y":2.552288770675659,"z":11.375277519226075},"rotation":{"x":-0.09999240934848786,"y":-0.11258574575185776,"z":0.011388227343559266,"w":-0.9885349273681641},"size":4.712965488433838,"orthographic":false}